"","time","dead","dead_low","dead_high","positive","positive_low","positive_high"
"1",221,25966.7403776163,14651.6062108846,40051.5682265177,308702.315239573,307720.701703027,309401.757259294
"2",222,26125.0833989594,14740.13717352,40297.3344310794,310607.252369794,309603.729664745,311327.154724358
"3",223,26284.6292323398,14829.3341054186,40544.9620276774,312528.075696325,311501.937341677,313269.795512132
"4",224,26445.4015416169,14919.2101593584,40794.4873419654,314465.088646751,313415.610637265,315230.021114654
"5",225,26607.424355383,15009.7786891372,41045.9472579788,316418.599537536,315345.039923396,317208.178846821
"6",226,26770.7220747715,15101.0532538725,41299.3792300344,318388.921675016,317290.520130992,319204.621971125
"7",227,26935.3194813835,15193.0476223661,41554.8212948063,320376.373457906,319252.350841876,321219.709824342
