"","time","dead","dead_low","dead_high","positive","positive_low","positive_high"
"1",221,7082.91060906288,7046.46447321657,7097.02533434166,71321.4987840384,52491.5369609366,110642.783838991
"2",222,7100.02684308882,7058.43476398074,7115.76015776097,71482.2783289481,52620.9927759527,110888.101028193
"3",223,7117.12074673975,7070.42289335791,7134.45482773922,71643.0572098793,52750.3115370678,111133.795737197
"4",224,7134.19384074677,7082.42716468877,7153.11067448605,71803.8505448816,52879.5019000363,111379.898113768
"5",225,7151.24764144817,7094.19783038586,7171.7290202867,71964.6734674957,53008.5724919569,111626.438437194
"6",226,7168.28366102255,7105.98056347559,7190.31117854344,72125.5411306313,53137.5319093274,111873.447129317
"7",227,7185.30340835284,7117.77715291296,7208.858454512,72286.4687128642,53266.3887265374,112120.954764946
